,problem
event_153,1st peak outrange
event_236,1st peak outrange
event_260,1st peak outrange
event_445,1st peak outrange
event_707,1st peak outrange
event_8742,1st peak outrange
event_8788,1st peak outrange
event_8991,1st peak outrange
event_9004,1st peak outrange
event_9015,1st peak outrange
event_9018,1st peak outrange
event_9028,1st peak outrange
event_11381,1st peak outrange
event_15726,1st peak outrange
event_15814,1st peak outrange
event_15825,1st peak outrange
event_15891,1st peak outrange
event_15902,1st peak outrange
event_15920,1st peak outrange
event_16127,1st peak outrange
event_16616,1st peak outrange
event_16928,1st peak outrange
event_18387,1st peak outrange
